{
  "hash": "744151eb",
  "configHash": "efa9a2bb",
  "lockfileHash": "354fc313",
  "browserHash": "4609edc4",
  "optimized": {
    "@angular/core": {
      "src": "../../../../../../node_modules/@angular/core/fesm2022/core.mjs",
      "file": "@angular_core.js",
      "fileHash": "de8d631c",
      "needsInterop": false
    },
    "@angular/platform-browser": {
      "src": "../../../../../../node_modules/@angular/platform-browser/fesm2022/platform-browser.mjs",
      "file": "@angular_platform-browser.js",
      "fileHash": "664edda2",
      "needsInterop": false
    },
    "@angular/router": {
      "src": "../../../../../../node_modules/@angular/router/fesm2022/router.mjs",
      "file": "@angular_router.js",
      "fileHash": "dd13a8c2",
      "needsInterop": false
    },
    "@angular/forms": {
      "src": "../../../../../../node_modules/@angular/forms/fesm2022/forms.mjs",
      "file": "@angular_forms.js",
      "fileHash": "47cc596e",
      "needsInterop": false
    },
    "emailjs-com": {
      "src": "../../../../../../node_modules/emailjs-com/es/index.js",
      "file": "emailjs-com.js",
      "fileHash": "2364757b",
      "needsInterop": false
    },
    "@angular/common": {
      "src": "../../../../../../node_modules/@angular/common/fesm2022/common.mjs",
      "file": "@angular_common.js",
      "fileHash": "ea84a76d",
      "needsInterop": false
    }
  },
  "chunks": {
    "chunk-JAQ2YVRX": {
      "file": "chunk-JAQ2YVRX.js"
    },
    "chunk-Y6J7BSPS": {
      "file": "chunk-Y6J7BSPS.js"
    },
    "chunk-AXFVII4J": {
      "file": "chunk-AXFVII4J.js"
    },
    "chunk-WDMUDEB6": {
      "file": "chunk-WDMUDEB6.js"
    }
  }
}